timestamp,battery_id,cycle_time_s,v_resting,v_loaded,v_drop,current_load,internal_r,temp_pre,temp_post,temp_delta,soh_predicted,vision_score,defects_detected,grade_predicted,grade_ground_truth,passport_pdf
2026-05-28T09:00:00,BAT_001,20.98,4.0969,4.0126,0.0843,1.0,0.0843,24.43,25.48,1.05,80.47,0.881,none,A,A,data/passports/BAT_001.pdf
2026-05-28T09:00:22,BAT_002,18.79,4.1147,4.035,0.0797,1.0,0.0797,24.04,24.93,0.89,87.21,0.803,none,A,A,data/passports/BAT_002.pdf
2026-05-28T09:00:44,BAT_003,20.41,4.101,3.9879,0.1132,1.0,0.1132,24.62,25.96,1.34,79.44,0.572,dent,B,B,data/passports/BAT_003.pdf
2026-05-28T09:01:06,BAT_004,20.12,4.1124,3.9838,0.1285,1.0,0.1285,25.13,26.2,1.07,84.41,0.748,rust,B,B,data/passports/BAT_004.pdf
2026-05-28T09:01:28,BAT_005,19.43,3.9883,3.7665,0.2218,1.0,0.2218,25.78,28.15,2.37,54.65,0.306,rust,R,R,data/passports/BAT_005.pdf
2026-05-28T09:01:50,BAT_006,22.63,4.1386,4.0096,0.129,1.0,0.129,24.08,25.01,0.93,86.7,0.247,leaking;rust,R,R,data/passports/BAT_006.pdf
2026-05-28T09:02:12,BAT_007,18.67,4.1584,4.0892,0.0692,1.0,0.0692,25.33,25.86,0.53,94.23,0.679,rust,B,A,data/passports/BAT_007.pdf
2026-05-28T09:02:34,BAT_008,20.24,4.0626,3.908,0.1546,1.0,0.1546,25.81,27.42,1.61,74.63,0.468,rust,B,B,data/passports/BAT_008.pdf
2026-05-28T09:02:56,BAT_009,21.05,4.0739,3.8885,0.1854,1.0,0.1854,24.76,26.39,1.63,72.53,0.621,rust;dent,B,B,data/passports/BAT_009.pdf
2026-05-28T09:03:18,BAT_010,21.31,4.0527,3.8541,0.1986,1.0,0.1986,25.26,27.19,1.93,65.21,0.705,rust;dent,B,B,data/passports/BAT_010.pdf
2026-05-28T09:03:40,BAT_011,22.42,3.9113,3.5672,0.3441,1.0,0.3441,24.84,28.28,3.44,34.12,0.397,dent;rust,R,R,data/passports/BAT_011.pdf
2026-05-28T09:04:02,BAT_012,20.92,4.047,3.8493,0.1977,1.0,0.1977,25.98,27.77,1.79,67.46,0.589,dent,B,B,data/passports/BAT_012.pdf
2026-05-28T09:04:24,BAT_013,19.63,3.9511,3.6689,0.2822,1.0,0.2822,24.22,27.2,2.98,41.95,0.047,major_dent,R,R,data/passports/BAT_013.pdf
2026-05-28T09:04:46,BAT_014,19.58,4.1041,3.9469,0.1572,1.0,0.1572,24.12,25.45,1.33,75.97,0.481,none,B,B,data/passports/BAT_014.pdf
2026-05-28T09:05:08,BAT_015,21.72,4.1383,4.0446,0.0937,1.0,0.0937,24.24,25.26,1.02,86.52,0.771,none,B,A,data/passports/BAT_015.pdf
2026-05-28T09:05:30,BAT_016,21.48,4.1063,4.0156,0.0907,1.0,0.0907,24.8,25.95,1.15,79.29,0.244,major_dent,R,R,data/passports/BAT_016.pdf
2026-05-28T09:05:52,BAT_017,22.95,4.1394,4.0584,0.0809,1.0,0.0809,25.42,26.37,0.95,87.91,1.0,none,A,A,data/passports/BAT_017.pdf
2026-05-28T09:06:14,BAT_018,22.0,4.0781,3.9688,0.1093,1.0,0.1093,24.11,25.73,1.62,72.88,0.688,dent,B,B,data/passports/BAT_018.pdf
2026-05-28T09:06:36,BAT_019,20.22,4.1007,4.0013,0.0993,1.0,0.0993,24.29,25.52,1.23,76.91,0.697,rust,B,B,data/passports/BAT_019.pdf
2026-05-28T09:06:58,BAT_020,19.74,4.0694,3.8687,0.2006,1.0,0.2006,25.52,27.07,1.55,66.76,0.697,none,B,B,data/passports/BAT_020.pdf
2026-05-28T09:07:20,BAT_021,19.97,4.1391,4.065,0.0741,1.0,0.0741,24.42,25.4,0.98,87.97,0.732,none,B,A,data/passports/BAT_021.pdf
2026-05-28T09:07:42,BAT_022,19.27,3.9843,3.7602,0.2241,1.0,0.2241,24.69,27.11,2.43,49.69,0.142,rust,R,R,data/passports/BAT_022.pdf
2026-05-28T09:08:04,BAT_023,21.73,4.159,4.0697,0.0893,1.0,0.0893,25.5,26.31,0.8,92.91,1.0,none,A,A,data/passports/BAT_023.pdf
2026-05-28T09:08:26,BAT_024,22.55,4.0981,3.9386,0.1596,1.0,0.1596,25.48,26.72,1.25,81.62,0.553,dent,B,B,data/passports/BAT_024.pdf
2026-05-28T09:08:48,BAT_025,22.6,3.957,3.6802,0.2768,1.0,0.2768,24.52,27.24,2.72,52.22,0.01,major_dent,R,R,data/passports/BAT_025.pdf
2026-05-28T09:09:10,BAT_026,18.88,4.062,3.8713,0.1908,1.0,0.1908,24.93,26.85,1.93,63.46,0.699,dent,B,B,data/passports/BAT_026.pdf
2026-05-28T09:09:32,BAT_027,21.0,4.1818,4.1106,0.0712,1.0,0.0712,25.92,26.39,0.46,95.45,0.844,none,A,A,data/passports/BAT_027.pdf
2026-05-28T09:09:54,BAT_028,20.36,3.979,3.7254,0.2536,1.0,0.2536,25.54,28.37,2.83,43.77,0.57,dent;rust,R,R,data/passports/BAT_028.pdf
2026-05-28T09:10:16,BAT_029,19.41,3.9791,3.7185,0.2605,1.0,0.2605,24.12,26.84,2.71,49.85,0.435,leaking,R,R,data/passports/BAT_029.pdf
2026-05-28T09:10:38,BAT_030,22.86,3.9205,3.6211,0.2994,1.0,0.2994,25.37,28.84,3.47,31.11,0.379,dent;rust,R,R,data/passports/BAT_030.pdf
2026-05-28T09:11:00,BAT_031,20.86,4.1439,4.0432,0.1007,1.0,0.1007,25.62,26.35,0.73,89.47,0.956,none,A,A,data/passports/BAT_031.pdf
2026-05-28T09:11:22,BAT_032,18.56,4.0488,3.8896,0.1591,1.0,0.1591,25.21,27.11,1.89,68.15,0.477,rust;dent,B,B,data/passports/BAT_032.pdf
2026-05-28T09:11:44,BAT_033,20.46,4.0193,3.8065,0.2128,1.0,0.2128,24.25,26.26,2.01,60.07,0.791,rust,B,B,data/passports/BAT_033.pdf
2026-05-28T09:12:06,BAT_034,21.08,4.1424,4.0538,0.0886,1.0,0.0886,24.85,25.58,0.72,94.43,0.958,none,A,A,data/passports/BAT_034.pdf
2026-05-28T09:12:28,BAT_035,22.06,3.9923,3.7455,0.2468,1.0,0.2468,24.76,27.46,2.71,49.66,0.0,leaking,R,R,data/passports/BAT_035.pdf
2026-05-28T09:12:50,BAT_036,22.13,4.1177,4.0554,0.0623,1.0,0.0623,25.16,26.17,1.01,89.31,0.809,none,A,A,data/passports/BAT_036.pdf
2026-05-28T09:13:12,BAT_037,22.12,3.992,3.7586,0.2334,1.0,0.2334,24.52,27.17,2.65,48.78,0.397,rust,R,R,data/passports/BAT_037.pdf
2026-05-28T09:13:34,BAT_038,22.32,4.0341,3.8069,0.2272,1.0,0.2272,25.87,28.11,2.24,63.07,0.1,leaking,R,R,data/passports/BAT_038.pdf
2026-05-28T09:13:56,BAT_039,22.53,4.0349,3.8362,0.1987,1.0,0.1987,25.12,27.14,2.03,62.99,0.585,rust,B,B,data/passports/BAT_039.pdf
2026-05-28T09:14:18,BAT_040,21.77,4.0786,3.9592,0.1194,1.0,0.1194,25.74,27.22,1.48,78.87,0.642,rust;dent,B,B,data/passports/BAT_040.pdf
2026-05-28T09:14:40,BAT_041,22.89,4.1021,3.9568,0.1453,1.0,0.1453,25.37,26.59,1.22,84.21,0.994,none,A,A,data/passports/BAT_041.pdf
2026-05-28T09:15:02,BAT_042,18.58,4.0163,3.7844,0.2319,1.0,0.2319,25.54,27.89,2.36,64.03,0.182,dent;rust,R,R,data/passports/BAT_042.pdf
2026-05-28T09:15:24,BAT_043,21.54,4.0162,3.7991,0.2171,1.0,0.2171,25.58,27.58,2.0,58.2,0.565,none,R,B,data/passports/BAT_043.pdf
2026-05-28T09:15:46,BAT_044,18.61,4.1331,4.0041,0.129,1.0,0.129,25.47,26.47,1.0,89.92,1.0,none,A,A,data/passports/BAT_044.pdf
2026-05-28T09:16:08,BAT_045,19.69,3.997,3.7566,0.2404,1.0,0.2404,24.96,27.41,2.46,56.75,0.123,major_dent,R,R,data/passports/BAT_045.pdf
2026-05-28T09:16:30,BAT_046,21.73,4.1279,4.0568,0.0711,1.0,0.0711,24.42,25.19,0.77,90.4,0.987,none,A,A,data/passports/BAT_046.pdf
2026-05-28T09:16:52,BAT_047,22.32,4.1485,4.0841,0.0644,1.0,0.0644,25.93,26.45,0.52,97.63,0.996,rust,A,A,data/passports/BAT_047.pdf
2026-05-28T09:17:14,BAT_048,21.74,3.9237,3.6171,0.3065,1.0,0.3065,25.6,28.59,3.0,39.69,0.127,rust,R,R,data/passports/BAT_048.pdf
2026-05-28T09:17:36,BAT_049,20.72,4.0242,3.8362,0.188,1.0,0.188,24.81,26.74,1.93,63.87,0.562,rust;dent,B,B,data/passports/BAT_049.pdf
2026-05-28T09:17:58,BAT_050,22.33,4.1347,4.0806,0.0541,1.0,0.0541,24.55,25.42,0.86,91.68,0.953,none,A,A,data/passports/BAT_050.pdf
2026-05-28T09:18:20,BAT_051,20.57,4.0803,3.9494,0.1309,1.0,0.1309,24.95,26.16,1.21,78.28,0.442,dent,B,B,data/passports/BAT_051.pdf
2026-05-28T09:18:42,BAT_052,20.72,4.1009,3.9831,0.1178,1.0,0.1178,24.73,25.9,1.17,81.37,0.729,dent,B,A,data/passports/BAT_052.pdf
2026-05-28T09:19:04,BAT_053,20.24,3.9516,3.6631,0.2886,1.0,0.2886,25.28,28.15,2.87,49.11,0.218,rust,R,R,data/passports/BAT_053.pdf
2026-05-28T09:19:26,BAT_054,19.73,4.0908,3.9689,0.1219,1.0,0.1219,24.46,25.62,1.16,79.65,0.864,none,B,A,data/passports/BAT_054.pdf
2026-05-28T09:19:48,BAT_055,20.7,4.1329,4.0584,0.0745,1.0,0.0745,24.09,24.7,0.61,89.54,0.971,none,A,A,data/passports/BAT_055.pdf
2026-05-28T09:20:10,BAT_056,22.03,4.1252,3.9862,0.139,1.0,0.139,25.07,26.29,1.23,82.17,0.158,major_dent,R,R,data/passports/BAT_056.pdf
2026-05-28T09:20:32,BAT_057,21.09,4.1313,4.0251,0.1062,1.0,0.1062,25.73,26.75,1.02,88.67,1.0,none,A,A,data/passports/BAT_057.pdf
2026-05-28T09:20:54,BAT_058,19.2,4.0335,3.8215,0.212,1.0,0.212,25.5,27.74,2.23,62.34,0.407,major_dent,B,R,data/passports/BAT_058.pdf
2026-05-28T09:21:16,BAT_059,21.46,3.9589,3.7121,0.2468,1.0,0.2468,24.58,27.36,2.77,45.86,0.349,rust,R,R,data/passports/BAT_059.pdf
2026-05-28T09:21:38,BAT_060,22.87,3.9154,3.5974,0.3179,1.0,0.3179,25.6,29.08,3.48,32.63,0.186,major_dent,R,R,data/passports/BAT_060.pdf
2026-05-28T09:22:00,BAT_061,19.76,4.0814,3.9212,0.1602,1.0,0.1602,25.85,27.58,1.73,74.05,0.669,rust;dent,B,B,data/passports/BAT_061.pdf
2026-05-28T09:22:22,BAT_062,18.81,4.1636,4.0797,0.0839,1.0,0.0839,24.68,25.12,0.44,100.0,0.941,none,A,A,data/passports/BAT_062.pdf
2026-05-28T09:22:44,BAT_063,21.71,3.9823,3.7438,0.2385,1.0,0.2385,25.53,28.01,2.48,55.57,0.391,leaking,R,R,data/passports/BAT_063.pdf
2026-05-28T09:23:06,BAT_064,22.07,4.1383,4.0287,0.1096,1.0,0.1096,25.46,26.36,0.9,89.24,0.203,leaking,R,R,data/passports/BAT_064.pdf
2026-05-28T09:23:28,BAT_065,20.97,4.1658,4.1218,0.0439,1.0,0.0439,25.53,25.94,0.41,96.53,0.851,none,A,A,data/passports/BAT_065.pdf
2026-05-28T09:23:50,BAT_066,22.23,4.0962,3.9344,0.1618,1.0,0.1618,24.23,25.75,1.52,76.02,0.737,dent,B,B,data/passports/BAT_066.pdf
2026-05-28T09:24:12,BAT_067,22.86,4.1069,3.9713,0.1356,1.0,0.1356,24.75,26.0,1.25,80.11,0.954,none,A,A,data/passports/BAT_067.pdf
2026-05-28T09:24:34,BAT_068,20.53,4.1522,4.0756,0.0766,1.0,0.0766,25.17,25.74,0.57,92.15,0.808,none,A,A,data/passports/BAT_068.pdf
2026-05-28T09:24:56,BAT_069,19.67,3.9193,3.6393,0.28,1.0,0.28,25.55,28.98,3.43,36.51,0.224,leaking,R,R,data/passports/BAT_069.pdf
2026-05-28T09:25:18,BAT_070,19.03,4.111,4.004,0.107,1.0,0.107,25.92,27.12,1.21,83.66,0.179,leaking,R,R,data/passports/BAT_070.pdf
2026-05-28T09:25:40,BAT_071,20.59,4.0154,3.8042,0.2112,1.0,0.2112,24.58,26.77,2.19,60.98,0.736,none,B,B,data/passports/BAT_071.pdf
2026-05-28T09:26:02,BAT_072,21.43,3.9601,3.7103,0.2498,1.0,0.2498,25.51,28.46,2.95,38.04,0.15,major_dent,R,R,data/passports/BAT_072.pdf
2026-05-28T09:26:24,BAT_073,20.7,3.9145,3.5887,0.3258,1.0,0.3258,25.76,28.87,3.1,36.58,0.428,leaking,R,R,data/passports/BAT_073.pdf
2026-05-28T09:26:46,BAT_074,20.44,4.151,4.0908,0.0602,1.0,0.0602,25.87,26.48,0.61,95.46,0.841,none,A,A,data/passports/BAT_074.pdf
2026-05-28T09:27:08,BAT_075,22.51,4.1061,3.957,0.149,1.0,0.149,24.69,26.11,1.42,83.48,0.528,rust,B,B,data/passports/BAT_075.pdf
2026-05-28T09:27:30,BAT_076,21.98,4.0969,4.0019,0.095,1.0,0.095,25.42,26.58,1.16,84.11,0.218,major_dent,R,R,data/passports/BAT_076.pdf
2026-05-28T09:27:52,BAT_077,20.98,4.1044,3.9455,0.1589,1.0,0.1589,24.67,25.95,1.28,85.18,0.733,rust,B,A,data/passports/BAT_077.pdf
2026-05-28T09:28:14,BAT_078,21.34,4.1214,3.9943,0.1271,1.0,0.1271,25.91,27.24,1.34,77.64,0.777,none,B,B,data/passports/BAT_078.pdf
2026-05-28T09:28:36,BAT_079,20.81,4.0601,3.8805,0.1796,1.0,0.1796,25.18,27.22,2.04,64.83,0.463,dent,B,B,data/passports/BAT_079.pdf
2026-05-28T09:28:58,BAT_080,20.5,3.893,3.5448,0.3481,1.0,0.3481,24.07,27.48,3.41,32.19,0.163,rust,R,R,data/passports/BAT_080.pdf
2026-05-28T09:29:20,BAT_081,21.67,3.991,3.755,0.2361,1.0,0.2361,24.82,27.11,2.29,51.54,0.475,major_dent,R,R,data/passports/BAT_081.pdf
2026-05-28T09:29:42,BAT_082,22.75,4.0769,3.9463,0.1307,1.0,0.1307,25.1,26.8,1.7,72.91,0.577,none,B,B,data/passports/BAT_082.pdf
2026-05-28T09:30:04,BAT_083,22.36,4.1254,4.0493,0.0761,1.0,0.0761,24.15,25.11,0.96,83.88,0.96,none,A,A,data/passports/BAT_083.pdf
2026-05-28T09:30:26,BAT_084,21.97,4.1665,4.0839,0.0825,1.0,0.0825,25.42,26.16,0.74,93.18,1.0,none,A,A,data/passports/BAT_084.pdf
2026-05-28T09:30:48,BAT_085,19.6,4.0942,3.9813,0.1129,1.0,0.1129,24.43,25.6,1.16,82.32,0.505,rust,B,B,data/passports/BAT_085.pdf
2026-05-28T09:31:10,BAT_086,20.59,4.0026,3.7303,0.2724,1.0,0.2724,24.73,27.21,2.48,50.95,0.351,major_dent,R,R,data/passports/BAT_086.pdf
2026-05-28T09:31:32,BAT_087,19.9,4.1574,4.1069,0.0505,1.0,0.0505,24.59,25.29,0.7,96.52,0.786,rust,B,A,data/passports/BAT_087.pdf
2026-05-28T09:31:54,BAT_088,22.88,4.1506,4.0778,0.0728,1.0,0.0728,24.33,24.99,0.66,96.35,0.941,none,A,A,data/passports/BAT_088.pdf
2026-05-28T09:32:16,BAT_089,21.08,3.9544,3.7029,0.2515,1.0,0.2515,25.34,28.42,3.08,43.12,0.178,dent;rust,R,R,data/passports/BAT_089.pdf
2026-05-28T09:32:38,BAT_090,18.7,4.0325,3.8019,0.2306,1.0,0.2306,24.1,26.27,2.17,60.05,0.515,none,B,R,data/passports/BAT_090.pdf
2026-05-28T09:33:00,BAT_091,19.78,4.0961,3.9939,0.1021,1.0,0.1021,24.05,25.2,1.16,80.91,0.867,rust,A,A,data/passports/BAT_091.pdf
2026-05-28T09:33:22,BAT_092,22.11,4.1551,4.0881,0.067,1.0,0.067,24.72,25.21,0.49,93.85,0.786,none,B,A,data/passports/BAT_092.pdf
2026-05-28T09:33:44,BAT_093,20.19,4.1723,4.1108,0.0615,1.0,0.0615,25.28,25.76,0.48,98.22,0.347,major_dent,R,R,data/passports/BAT_093.pdf
2026-05-28T09:34:06,BAT_094,18.92,4.0751,3.9064,0.1686,1.0,0.1686,24.45,25.89,1.44,76.49,0.347,rust,R,B,data/passports/BAT_094.pdf
2026-05-28T09:34:28,BAT_095,20.46,4.1302,4.0113,0.1189,1.0,0.1189,25.51,26.75,1.25,81.07,0.231,leaking;rust,R,R,data/passports/BAT_095.pdf
2026-05-28T09:34:50,BAT_096,21.16,4.099,4.0043,0.0948,1.0,0.0948,24.27,25.4,1.13,80.89,0.877,none,A,A,data/passports/BAT_096.pdf
2026-05-28T09:35:12,BAT_097,22.53,4.1381,4.0293,0.1088,1.0,0.1088,25.27,26.04,0.77,89.69,0.776,none,B,A,data/passports/BAT_097.pdf
2026-05-28T09:35:34,BAT_098,22.4,4.1059,3.9686,0.1373,1.0,0.1373,25.35,26.42,1.07,81.93,0.951,none,A,A,data/passports/BAT_098.pdf
2026-05-28T09:35:56,BAT_099,21.88,4.0129,3.7679,0.245,1.0,0.245,25.0,27.21,2.21,58.33,0.554,rust,R,R,data/passports/BAT_099.pdf
2026-05-28T09:36:18,BAT_100,21.68,4.0695,3.8857,0.1838,1.0,0.1838,24.55,26.39,1.83,69.07,0.554,none,B,B,data/passports/BAT_100.pdf
2026-05-28T09:36:40,BAT_101,22.48,4.1685,4.1385,0.03,1.0,0.03,25.2,25.7,0.5,98.62,1.0,none,A,A,data/passports/BAT_101.pdf
2026-05-28T09:37:02,BAT_102,20.94,4.045,3.8553,0.1897,1.0,0.1897,25.32,27.08,1.76,67.62,0.619,rust,B,B,data/passports/BAT_102.pdf
2026-05-28T09:37:24,BAT_103,19.61,4.0641,3.8967,0.1673,1.0,0.1673,25.78,27.28,1.5,71.46,0.592,rust;dent,B,B,data/passports/BAT_103.pdf
2026-05-28T09:37:46,BAT_104,18.95,4.106,3.9527,0.1532,1.0,0.1532,24.06,25.31,1.25,79.51,1.0,none,B,A,data/passports/BAT_104.pdf
2026-05-28T09:38:08,BAT_105,21.21,4.0207,3.8271,0.1936,1.0,0.1936,24.3,26.34,2.03,62.55,0.309,dent;rust,R,R,data/passports/BAT_105.pdf
2026-05-28T09:38:30,BAT_106,22.65,4.0003,3.8296,0.1708,1.0,0.1708,24.23,26.32,2.09,61.0,0.841,rust;dent,B,R,data/passports/BAT_106.pdf
2026-05-28T09:38:52,BAT_107,19.95,4.0346,3.8594,0.1752,1.0,0.1752,25.08,27.17,2.09,67.55,0.602,dent,B,B,data/passports/BAT_107.pdf
2026-05-28T09:39:14,BAT_108,21.27,4.1342,4.0365,0.0978,1.0,0.0978,24.92,26.1,1.18,89.47,0.93,none,A,A,data/passports/BAT_108.pdf
2026-05-28T09:39:36,BAT_109,18.83,3.9936,3.797,0.1967,1.0,0.1967,24.45,26.88,2.42,52.44,0.16,leaking,R,R,data/passports/BAT_109.pdf
2026-05-28T09:39:58,BAT_110,21.93,4.0513,3.9174,0.1339,1.0,0.1339,25.84,27.56,1.72,73.08,0.745,rust;dent,B,B,data/passports/BAT_110.pdf
2026-05-28T09:40:20,BAT_111,21.1,4.0707,3.9061,0.1647,1.0,0.1647,25.03,26.9,1.87,71.35,0.639,none,B,B,data/passports/BAT_111.pdf
2026-05-28T09:40:42,BAT_112,21.68,4.1686,4.1059,0.0627,1.0,0.0627,25.66,26.33,0.67,96.16,0.835,none,A,A,data/passports/BAT_112.pdf
2026-05-28T09:41:04,BAT_113,20.43,4.0926,4.0023,0.0903,1.0,0.0903,25.48,26.74,1.26,84.35,0.919,none,A,A,data/passports/BAT_113.pdf
2026-05-28T09:41:26,BAT_114,22.24,3.9844,3.7638,0.2205,1.0,0.2205,24.32,26.78,2.46,56.59,0.213,dent;rust,R,R,data/passports/BAT_114.pdf
2026-05-28T09:41:48,BAT_115,20.11,4.0196,3.8146,0.2051,1.0,0.2051,25.57,27.71,2.14,59.78,0.843,rust;dent,R,B,data/passports/BAT_115.pdf
2026-05-28T09:42:10,BAT_116,21.81,3.9851,3.7362,0.2488,1.0,0.2488,24.46,27.16,2.7,51.18,0.129,leaking,R,R,data/passports/BAT_116.pdf
2026-05-28T09:42:32,BAT_117,22.9,4.0436,3.871,0.1726,1.0,0.1726,24.78,26.93,2.15,63.28,0.718,rust,B,B,data/passports/BAT_117.pdf
2026-05-28T09:42:54,BAT_118,20.73,4.0398,3.8552,0.1846,1.0,0.1846,24.27,26.3,2.03,60.47,0.214,major_dent,R,R,data/passports/BAT_118.pdf
2026-05-28T09:43:16,BAT_119,21.05,4.1474,4.0638,0.0837,1.0,0.0837,25.12,25.91,0.79,89.24,0.2,leaking,R,R,data/passports/BAT_119.pdf
2026-05-28T09:43:38,BAT_120,22.29,4.0421,3.8865,0.1556,1.0,0.1556,25.87,27.72,1.85,69.74,0.385,rust;dent,R,B,data/passports/BAT_120.pdf
2026-05-28T09:44:00,BAT_121,21.43,4.16,4.0788,0.0812,1.0,0.0812,24.51,25.19,0.68,91.49,0.896,none,A,A,data/passports/BAT_121.pdf
2026-05-28T09:44:22,BAT_122,18.94,4.148,4.052,0.096,1.0,0.096,25.74,26.62,0.89,89.76,0.066,leaking;rust,R,R,data/passports/BAT_122.pdf
2026-05-28T09:44:44,BAT_123,19.71,3.961,3.6609,0.3001,1.0,0.3001,25.91,28.9,2.99,38.43,0.109,dent;rust,R,R,data/passports/BAT_123.pdf
2026-05-28T09:45:06,BAT_124,19.45,4.0483,3.8958,0.1526,1.0,0.1526,24.07,26.06,1.99,65.4,0.59,none,B,B,data/passports/BAT_124.pdf
2026-05-28T09:45:28,BAT_125,20.44,4.1435,4.054,0.0895,1.0,0.0895,24.29,25.19,0.9,86.56,0.83,none,A,A,data/passports/BAT_125.pdf
2026-05-28T09:45:50,BAT_126,22.73,4.1877,4.118,0.0697,1.0,0.0697,25.25,25.87,0.62,94.39,0.963,none,A,A,data/passports/BAT_126.pdf
2026-05-28T09:46:12,BAT_127,22.83,4.0486,3.8812,0.1674,1.0,0.1674,24.49,26.43,1.94,68.87,0.673,none,B,B,data/passports/BAT_127.pdf
2026-05-28T09:46:34,BAT_128,21.26,4.1562,4.1214,0.0348,1.0,0.0348,25.78,26.38,0.6,96.85,0.993,none,A,A,data/passports/BAT_128.pdf
2026-05-28T09:46:56,BAT_129,20.44,4.1715,4.118,0.0535,1.0,0.0535,25.82,26.44,0.62,95.18,0.767,none,B,A,data/passports/BAT_129.pdf
2026-05-28T09:47:18,BAT_130,21.8,4.0452,3.854,0.1912,1.0,0.1912,24.77,26.81,2.04,63.09,0.654,none,B,B,data/passports/BAT_130.pdf
2026-05-28T09:47:40,BAT_131,20.41,4.1518,4.0908,0.061,1.0,0.061,24.7,25.16,0.46,96.1,0.172,leaking,R,R,data/passports/BAT_131.pdf
2026-05-28T09:48:02,BAT_132,20.76,4.1245,3.9898,0.1348,1.0,0.1348,24.81,25.93,1.11,81.46,0.767,dent,B,A,data/passports/BAT_132.pdf
2026-05-28T09:48:24,BAT_133,18.7,4.0414,3.8693,0.1721,1.0,0.1721,25.16,27.0,1.84,66.56,0.577,rust,B,B,data/passports/BAT_133.pdf
2026-05-28T09:48:46,BAT_134,20.75,4.1673,4.1017,0.0656,1.0,0.0656,24.62,25.15,0.53,100.0,0.877,none,A,A,data/passports/BAT_134.pdf
2026-05-28T09:49:08,BAT_135,20.91,3.985,3.7362,0.2487,1.0,0.2487,24.89,27.53,2.64,56.0,0.338,dent;rust,R,R,data/passports/BAT_135.pdf
2026-05-28T09:49:30,BAT_136,19.64,3.8717,3.5038,0.3679,1.0,0.3679,24.39,28.14,3.75,25.57,0.333,dent;rust,R,R,data/passports/BAT_136.pdf
2026-05-28T09:49:52,BAT_137,21.69,4.1159,3.9956,0.1203,1.0,0.1203,24.15,25.24,1.09,88.52,0.627,dent,B,B,data/passports/BAT_137.pdf
2026-05-28T09:50:14,BAT_138,22.46,4.0496,3.8539,0.1957,1.0,0.1957,24.01,25.72,1.71,69.48,0.733,none,B,B,data/passports/BAT_138.pdf
2026-05-28T09:50:36,BAT_139,19.32,3.984,3.7333,0.2507,1.0,0.2507,25.68,28.43,2.74,45.8,0.317,major_dent,R,R,data/passports/BAT_139.pdf
2026-05-28T09:50:58,BAT_140,20.84,4.1597,4.1027,0.0569,1.0,0.0569,25.53,26.19,0.67,96.03,0.996,none,A,A,data/passports/BAT_140.pdf
2026-05-28T09:51:20,BAT_141,19.81,4.1185,4.0193,0.0991,1.0,0.0991,25.18,26.29,1.11,84.03,0.862,none,A,A,data/passports/BAT_141.pdf
2026-05-28T09:51:42,BAT_142,21.6,4.1708,4.1212,0.0495,1.0,0.0495,25.4,26.09,0.69,93.33,0.962,rust,A,A,data/passports/BAT_142.pdf
2026-05-28T09:52:04,BAT_143,22.67,4.0812,3.9306,0.1505,1.0,0.1505,25.29,26.96,1.67,68.06,0.804,dent,B,B,data/passports/BAT_143.pdf
2026-05-28T09:52:26,BAT_144,22.88,4.1036,3.9775,0.1261,1.0,0.1261,24.87,26.12,1.24,81.52,0.99,none,A,A,data/passports/BAT_144.pdf
2026-05-28T09:52:48,BAT_145,22.49,3.9279,3.6136,0.3143,1.0,0.3143,25.98,29.01,3.03,42.49,0.3,leaking,R,R,data/passports/BAT_145.pdf
2026-05-28T09:53:10,BAT_146,19.99,3.9282,3.6398,0.2883,1.0,0.2883,24.03,27.34,3.31,37.64,0.246,dent;rust,R,R,data/passports/BAT_146.pdf
2026-05-28T09:53:32,BAT_147,22.41,3.9085,3.5873,0.3212,1.0,0.3212,24.78,28.37,3.59,27.69,0.308,major_dent,R,R,data/passports/BAT_147.pdf
2026-05-28T09:53:54,BAT_148,19.06,4.1602,4.1184,0.0418,1.0,0.0418,25.23,25.9,0.67,90.95,0.999,none,A,A,data/passports/BAT_148.pdf
2026-05-28T09:54:16,BAT_149,22.78,4.1546,4.0964,0.0582,1.0,0.0582,24.22,24.97,0.75,92.06,0.065,leaking,R,R,data/passports/BAT_149.pdf
2026-05-28T09:54:38,BAT_150,22.76,3.909,3.5856,0.3234,1.0,0.3234,24.57,27.93,3.36,33.0,0.501,leaking,R,R,data/passports/BAT_150.pdf
